title,price_raw,meta_raw,listing_url,source,scraped_date
,,,,hatla2ee,2025-10-29T11:13:52.374159
,,,,hatla2ee,2025-10-29T11:13:52.374159
,,,,hatla2ee,2025-10-29T11:13:52.374159
,,,,hatla2ee,2025-10-29T11:13:52.374159
,,,,hatla2ee,2025-10-29T11:13:52.374159
,,,,hatla2ee,2025-10-29T11:13:52.374159
,,,,hatla2ee,2025-10-29T11:13:52.374159
,,,,hatla2ee,2025-10-29T11:13:52.374159
,,,,hatla2ee,2025-10-29T11:13:52.374159
,,,,hatla2ee,2025-10-29T11:13:52.374159
,,,,hatla2ee,2025-10-29T11:13:52.374159
,,,,hatla2ee,2025-10-29T11:13:52.374159
,,,,hatla2ee,2025-10-29T11:13:52.374159
,,,,hatla2ee,2025-10-29T11:13:52.374159
,,,,hatla2ee,2025-10-29T11:13:52.374159
,,,,hatla2ee,2025-10-29T11:13:52.374159
,,,,hatla2ee,2025-10-29T11:13:52.374159
,,,,hatla2ee,2025-10-29T11:13:52.374159
,,,,hatla2ee,2025-10-29T11:13:52.374159
,,,,hatla2ee,2025-10-29T11:13:52.374159
,,,,hatla2ee,2025-10-29T11:13:52.374159
,,,,hatla2ee,2025-10-29T11:13:52.374159
,,,,hatla2ee,2025-10-29T11:13:52.374159
,,,,hatla2ee,2025-10-29T11:13:52.374159
,,,,hatla2ee,2025-10-29T11:13:52.374159
,,,,hatla2ee,2025-10-29T11:13:52.374159
,,,,hatla2ee,2025-10-29T11:13:52.374159
,,,,hatla2ee,2025-10-29T11:13:52.374159
,,,,hatla2ee,2025-10-29T11:13:52.374159
,,,,hatla2ee,2025-10-29T11:13:52.374159
,,,,hatla2ee,2025-10-29T11:13:52.374159
,,,,hatla2ee,2025-10-29T11:13:52.374159
,,,,hatla2ee,2025-10-29T11:13:52.374159
,,,,hatla2ee,2025-10-29T11:13:52.374159
,,,,hatla2ee,2025-10-29T11:13:52.374159
,,,,hatla2ee,2025-10-29T11:13:52.374159
,,,,hatla2ee,2025-10-29T11:13:52.374159
,,,,hatla2ee,2025-10-29T11:13:52.374159
,,,,hatla2ee,2025-10-29T11:13:52.374159
,,,,hatla2ee,2025-10-29T11:13:52.374159
